{
  "total_training_sec": 241.51256102882326,
  "total_training_min": 4.025209350480387,
  "avg_epoch_sec": 24.151022151764483,
  "avg_throughput_samples_per_sec": 105647.9296433117
}