{
  "total_training_sec": 407.80041344836354,
  "total_training_min": 6.796673557472726,
  "avg_epoch_sec": 8.155901682861149,
  "avg_throughput_samples_per_sec": 304031.15259380604
}