epoch,train_loss,val_loss
1,10.16453775210083,3.25977351221741
2,2.704525614930883,2.5753013150560675
3,2.467115732048555,2.5134051590082964
4,2.425892422490037,2.488775764063504
5,2.404957178673374,2.471596190339919
6,2.391251195573319,2.4620405054082877
7,2.37733458201052,2.4495651261692504
8,2.3662099002590993,2.443471185961713
9,2.3587060863310967,2.4313806662404325
10,2.352811096578825,2.429349111830079
