{
  "total_training_sec": 3875.239590313009,
  "total_training_min": 64.58732650521682,
  "avg_epoch_sec": 155.0091207934008,
  "avg_throughput_samples_per_sec": 12636.223532226286
}