{
  "total_training_sec": 168.83850246295333,
  "total_training_min": 2.8139750410492224,
  "avg_epoch_sec": 16.883662909269333,
  "avg_throughput_samples_per_sec": 152591.38777576838
}