{
  "total_training_sec": 205.84091990898014,
  "total_training_min": 3.4306819984830024,
  "avg_epoch_sec": 20.583804922900164,
  "avg_throughput_samples_per_sec": 98807.11663186838
}