{
  "total_training_sec": 241.50419420562685,
  "total_training_min": 4.025069903427114,
  "avg_epoch_sec": 24.15021329615265,
  "avg_throughput_samples_per_sec": 105659.22213242788
}