{
  "total_training_sec": 630.3662574249997,
  "total_training_min": 10.506104290416662,
  "avg_epoch_sec": 12.607219675700007,
  "avg_throughput_samples_per_sec": 172109.3333330515
}