{
  "total_training_sec": 239.18204026902094,
  "total_training_min": 3.9863673378170157,
  "avg_epoch_sec": 4.783355395840481,
  "avg_throughput_samples_per_sec": 481975.7304578958
}