{
  "total_training_sec": 172.94128063399967,
  "total_training_min": 2.882354677233328,
  "avg_epoch_sec": 17.293905087799885,
  "avg_throughput_samples_per_sec": 147899.0387070133
}